 "ETL_DATE","BR_CODE","BR_NAME","REGION_CODE","REGION_NAME"
20180329,FO-CN-otoHCM06,Phòng Kinh doanh khu v?c An Giang,,
20180329,AGG050100,B? ph?n Hành chính Qu?n tr?,,
20180329,FO-CN-TTKDCGY01,Ban Giám Đốc,,
20180329,BO-CN-BHA050000,Phòng V?n hành,,
20180329,BO-CN-CT0050000,Phòng V?n hành,,
20180329,BO-CN-GDH050000,Phòng V?n hành,,
20180329,BO-CN-HPG050000,Phòng V?n hành,,
20180329,BO-CN-MDH050000,Phòng V?n hành,,
20180329,BO-CN-PMH050000,Phòng V?n hành,,
20180329,BO-CN-TDO050000,Phòng V?n hành,,
20180329,BO-CN-TSG050000,Phòng V?n hành,,
20180329,FO-CN-TTKDBNH01,Ban Giám d?c,,
20180329,FO-CN-TTKDCHA01,Ban Giám d?c,,
20180329,FO-CN-TTKDCLG04,Phòng Khách hàng Doanh nghi?p,,
20180329,FO-CN-TTKDHKM02,Phòng Khách hàng Cá nhân,,
20180329,FO-CN-TTKDNAN01,Ban Giám d?c,,
20180329,FO-CN-TTKDQ303,Phòng Khách hàng Cá nhân,,
20180329,FO-CN-TTKDTHU01,Ban Giám d?c,,
20180329,FO-CN-TTKDVIH04,Phòng Khách hàng Doanh nghi?p,,
20180329,BO-CN-TTKDCGY02,Phòng V?n hành,,
20180329,BO-CN-TTKDMDH05,Phòng V?n hành,,
20180329,BO-CN-TTKDTHU02,Phòng V?n hành,,
20180329,BO-DT010200,B? ph?n H? tr? Chi nhánh,,
20180329,BO-HO-BKS010600,Phòng Ki?m toán D?ch v? Khách hàng và Kho qu?,,
20180329,BO-HO-CNT000000,Kh?i Công ngh? Thông tin,,
20180329,BO-HO-HRBPPN,Phòng Ð?i tác Nhân s? phía Nam,,
20180329,BO-HO-KCN110300,B? ph?n B?o hi?m,,
20180329,BO-HO-KCN220200,M?ng Kinh doanh,,
20180329,BO-HO-KDN170000,Trung tâm Khách hàng Doanh nghi?p mi?n B?c,,
20180329,BO-HO-NNL050000,Phòng Ðào t?o và Phát tri?n ngu?n nhân l?c,,
20180329,BO-HO-PNSCN,Phòng Nhân s? Ch?c nang,,
20180329,CNT14000,Phòng Phát tri?n Ngân hàng s?,,
20180329,DNG050100,B? ph?n Hành chính Qu?n tr?,,
20180329,FO-CN-BCH020000,Phòng D?ch v? Khách hàng,,
20180329,FO-CN-BDG020000,Phòng D?ch v? Khách hàng,,
20180329,FO-CN-BHA020000,Phòng D?ch v? khách hàng,,
20180329,FO-CN-BT010000,Ban Giám d?c,,
20180329,FO-CN-CHA010000,Ban Giám d?c,,
20180329,FO-CN-CLG010000,Ban Giám d?c,,
20180329,FO-CN-CTG010000,Ban Giám d?c,,
20180329,FO-CN-DAN01,Ban Giám d?c,,
20180329,FO-CN-DDO010000,Ban Giám d?c,,
20180329,FO-CN-DNG020000,Phòng D?ch v? Khách hàng,,
20180329,FO-CN-DO010000,Ban Giám d?c,,
20180329,FO-CN-GDH030000,Phòng Khách hàng Cá nhân,,
20180329,FO-CN-HCM030000,Phòng Khách hàng Cá nhân,,
20180329,FO-CN-HKM030000,Phòng Khách hàng Cá nhân,,
20180329,FO-CN-TXN020000,Phòng D?ch v? Khách hàng,,
20180329,FO-CN-XLA030000,Phòng Khách hàng Cá nhân,,
20180329,FO-CN-otoHN02,Phòng Kinh doanh khu v?c Long Biên,,
20180329,BO -CN-DAN05,Phòng V?n hành,,
20180329,BO-CN-BTA050000,Phòng V?n hành,,
20180329,BO-CN-DDA050000,Phòng V?n hành,,
20180329,BO-CN-HCM050000,Phòng V?n hành,,
20180329,BO-CN-HVG050000,Phòng V?n hành,,
20180329,BO-CN-NGA050000,Phòng V?n hành,,
20180329,BO-CN-Q4050000,Phòng V?n hành,,
20180329,BO-CN-THC010000,Ban Giám d?c,,
20180329,BO-CN-TTI050000,Phòng V?n hành,,
20180329,BO-CN-TTKDCTO05,Phòng V?n hành,,
20180329,BO-CN-TTKDQ302,Phòng V?n hành,,
20180329,BO-CN-XLA050000,Phòng V?n hành,,
20180329,BO-HO-BKS010000,Trung tâm Ki?m toán n?i b?,,
20180329,BO-HO-BTT010000,Ban Giám d?c,,
20180329,BO-HO-HRBPBTT,Phòng Ð?i tác Nhân s? Kh?i Bán tr?c ti?p,,
20180329,BO-HO-KCN050000,Phòng sản phẩm tài khoản và huy động,,
20180329,BO-HO-KCN160000,Phòng Collection,,
20180329,BO-HO-KDN010000,Ban Giám d?c,,
20180329,BO-HO-KNV040000,"Trung tâm Kinh doanh Ngo?i h?i, Vàng và S?n ph?m Phái sinh",,
20180329,BO-HO-PC070000,Phòng Pháp ch?,,
20180329,BO-HO-PRM070000,"Nhóm Marketing cho Corporate Banking (CB), Chi nhánh, các Kh?i h?i s? và Corporate Branding",,
20180329,CNT18000,Phòng An ninh Thông tin và Tuân th?,,
20180329,FO-CN-AGG020000,Phòng D?ch v? Khách hàng,,
20180329,FO-CN-BCT010000,Ban Giám d?c,,
20180329,FO-CN-BDI010000,Ban Giám d?c,,
20180329,FO-CN-BNH01,Ban Giám d?c,,
20180329,FO-CN-BTH010000,Ban Giám d?c,,
20180329,FO-CN-CLE020000,Phòng D?ch v? Khách hàng,,
20180329,FO-CN-CPA020000,Phòng D?ch v? khách hàng,,
20180329,FO-CN-CTO020000,Phòng D?ch v? Khách hàng,,
20180329,FO-CN-DDA020000,Phòng D?ch v? Khách hàng,,
20180329,FO-CN-DLK020000,Phòng D?ch v? Khách hàng,,
20180329,FO-CN-DNI010000,Ban Giám d?c,,
20180329,FO-CN-DOT040000,Phòng Khách hàng Doanh nghi?p,,
20180329,FO-CN-HBT040000,Phòng Khách hàng Doanh nghi?p,,
20180329,FO-CN-HGM040000,Phòng Khách hàng Doanh nghi?p,,
20180329,FO-CN-HMI040000,Phòng Khách hàng Doanh nghi?p,,
20180329,BO-HO-VHH-CA.CB,B? ph?n H? tr? tín d?ng KHDN L?n,,
20180329,BO-HO-VHH160000,Trung tâm H? tr? Tín d?ng,,
20180329,FO-CN-HMN030000,Phòng Khách hàng Cá nhân,,
20180329,BO-HO-VHH110000,Van phòng,,
20180329,BO-HO-VHH160800,Phòng H? tr? tín d?ng Ngân hàng Cá nhân Tín ch?p và Th? mi?n B?c,,
20180329,BO-HO-VHH180102,B? ph?n Ki?m soát Van b?n,,
20180329,CNT070300,Nhóm V?n hành,,
20180329,FO-CN-HTH020000,Phòng D?ch v? Khách hàng,,
20180329,FO-CN-KD.HTH01,Ban Giám d?c,,
20180329,FO-CN-LBN040000,Phòng Khách hàng Doanh nghi?p,,
20180329,FO-CN-LNH040000,Phòng Khách hàng Doanh nghi?p,,
20180329,FO-CN-NDH030000,Phòng Khách hàng cá nhân,,
20180329,FO-CN-NHN040000,Phòng Khách hàng Doanh nghi?p,,
20180329,FO-CN-NTG040000,Phòng Khách hàng Doanh nghi?p,,
20180329,FO-CN-PHG040000,Phòng Khách hàng Doanh nghi?p,,
20180329,FO-CN-Q4010000,Ban Giám d?c,,
20180329,FO-CN-SGN010000,Ban Giám d?c,,
20180329,FO-CN-TBH010000,Ban Giám d?c,,
20180329,FO-CN-TH040000,Phòng Khách hàng Doanh nghi?p,,
20180329,FO-CN-THN020000,Phòng D?ch v? Khách hàng,,
20180329,FO-CN-TLG010000,Ban Giám d?c,,
20180329,FO-CN-TT.BTAH03,Phòng Khách hàng Cá nhân,,
20180329,FO-CN-TTKDBHA01,Ban Giám d?c,,
20180329,FO-CN-TTKDBTH03,Phòng Khách hàng Doanh nghi?p,,
20180329,FO-CN-TTKDCLE01,Ban Giám d?c,,
20180329,FO-CN-TTKDCTO04,Phòng Khách hàng Doanh nghi?p,,
20180329,FO-CN-TTKDHSO02,Phòng D?ch v? Khách hàng,,
20180329,FO-CN-TTKDNAN03,Phòng Khách hàng Cá nhân,,
20180329,FO-CN-TTKDQ301,Ban Giám d?c,,
20180329,FO-CN-TTKDTAN04,Phòng Khách hàng Doanh nghi?p,,
20180329,FO-CN-TTKDotoHN000000,Trung tâm Kinh doanh S?n ph?m ô tô TP. Hà N?i,,
20180329,FO-CN-TXN010000,Ban Giám d?c,,
20180329,FO-CN-XLA020000,Phòng D?ch v? Khách hàng,,
20180329,FO-CN-otoHN01,Phòng Kinh doanh khu v?c Trung Hòa Nhân Chính,,
20180329,FO-DT020000,Trung tâm Khách hàng Doanh nghi?p l?n mi?n B?c,,
20180329,FO-HO-BTT080000,Trung tâm Bán mi?n Trung,,
20180329,FO-HO-BTT190000,Trung tâm bán Thanh Hóa,,
20180329,FO-HO-KDSPDB01,Ban Giám d?c,,
20180329,FO-HO-KNV031000,B? ph?n Quan h? ÐCTC và Phát tri?n h?p tác qu?c t?,,
20180329,FO-HO-KNV080000,Phòng Kinh doanh Vàng và Ngo?i t? m?t,,
20180329,HKM050200,B? ph?n H? tr? Tín d?ng,,
20180329,LSLevel2Code,Level2VN,,
20180329,SGN050100,B? ph?n Hành chính Qu?n tr?,,
20180329,VHH150200,Phòng Thanh toán Qu?c t?,,
20180329,BO-HO-VHH162000,B? ph?n Công ch?ng HÐBÐ và Ðang ký GDÐB mi?n B?c,,
20180329,BO-HO-VHH190300,B? ph?n Ði?u ph?i và Ki?m soát An toàn kho qu?,,
20180329,FO-CN-HPG010000,Ban Giám d?c,,
20180329,FO-CN-HVG010000,Ban Giám d?c,,
20180329,FO-CN-KGG030000,Phòng Khách hàng Cá nhân,,
20180329,FO-CN-LDM030000,Phòng Khách hàng Cá nhân,,
20180329,FO-CN-MDH030000,Phòng Khách hàng Cá nhân,,
20180329,"242",TPBANK DO THANH 2,SOU,Miền Nam
20180329,"870",TPBANK AN GIANG,SOU,Miền Nam
20180329,"001",TPBANK HOAN KIEM,NOR,Miên Bắc
20180329,"089",TT KHACH HANG CAO CAP MIEN BAC,,
20180329,"243",TRUNG TAM KINH DOANH TH HUNG VUONG,,
20180329,"212",TRUNG TAM KINH DOANH GIA DINH,,
20180329,"205",TPBANK GIA DINH,SOU,Miền Nam
20180329,"011",TPBANK PHAM HUNG,NOR,Miên Bắc
20180329,"004",HOI SO 2,,
20180329,"390",TPBANK CAN THO,SOU,Miền Nam
20180329,"045",TPBANK THANH XUAN,NOR,Miên Bắc
20180329,"215",TPBANK BINH THANH,SOU,Miền Nam
20180329,"104",TRUNG TAM KINH DOANH LONG BIEN,,
20180329,"271",TPBANK QUAN 4,SOU,Miền Nam
20180329,"065",TPBANK CHIEN THANG,NOR,Miên Bắc
20180329,"213",TRUNG TAM KINH DOANH PHAN DANG LUU,,
20180329,"106",PHONG KINH DOANH KV THAI NGUYEN,,
20180329,"915",TTGD TU DONG LIVEBANK HA NOI HN,,
20180329,"273",TRUNG TAM KINH DOANH BINH THANH,,
20180329,"301",TPBANK DI AN,MOT,Miền Trung
20180329,"903",TTGD TU DONG LIVEBANK BD,,
20180329,"005",TRUNG TAM KHDN LON MIEN BAC,,
20180329,"017",TPBANK MY DINH,NOR,Miên Bắc
20180329,"006",TRUNG TAM BAN MIEN NAM 1,,
20180329,"028",TPBANK NAM HA NOI,NOR,Miên Bắc
20180329,"210",TRUNG TAM KINH DOANH LON MIEN NAM,,
20180329,"055",TRUNG TAM DICH VU NGAN HANG CA NHAN,,
20180329,"094",TT KINH DOANH MIEN BAC 2,,
20180329,"280",TPBANK HUNG VUONG,SOU,Miền Nam
20180329,"015",TPBANK HA THANH,NOR,Miên Bắc
20180329,"300",TPBANK BINH DUONG,SOU,Miền Nam
20180329,"370",TPBANK DA NANG,NOR,Miên Bắc
20180329,"360",TPBANK NHA TRANG,MOT,Miền Trung
20180329,"340",TPBANK THANH HOA,NOR,Miên Bắc
20180329,"085",TRUNG TAM BAN MIEN BAC 3,,
20180329,"029",TRUNG TAM BAN MIEN BAC 4,,
20180329,"909",TTGD TU DONG LIVEBANK TAY NINH,,
20180329,"832",TRUNG TAM KINH DOANH BIEN HOA,,
20180329,"914",TTGD TU DONG LIVEBANK HA NOI HO,,
20180329,"245",PHONG KINH DOANH KV QUAN 5,,
20180329,"888",TPBANK QUICKPAY,,
20180329,"999",TPBANK DIGITAL BRANCH,,
20180329,"312",TRUNG TAM KINH DOANH VINH,,
20180329,"042",TPBANK HO GUOM,NOR,Miên Bắc
20180329,"102",TPBANK LONG BIEN,NOR,Miên Bắc
20180329,"003",TRUNG TAM KINH DOANH,NOR,Miên Bắc
20180329,"066",TRUNG TAM GIAO DICH HOI SO,NOR,Miên Bắc
20180329,"030",TPBANK THANH TRI,NOR,Miên Bắc
20180329,FO-CN-TTKDCHA04,Phòng Khách hàng Doanh nghi?p,,
20180329,"007",PHONG QHKH VA DOI TAC NHAT,,
20180329,"018",TPBANK LINH DAM 1,NOR,Miên Bắc
20180329,HAN,NGAN HANG TPBANK TP HA NOI,,
20180329,"069",TPBANK THANH DO 2,NOR,Miên Bắc
20180329,"211",TPBANK PHAN DANG LUU,SOU,Miền Nam
20180329,"330",TPBANK QUANG NINH,NOR,Miên Bắc
20180329,"008",TRUNG TAM BAN MIEN BAC 2,,
20180329,"241",TPBANK TAN BINH,SOU,Miền Nam
20180329,"204",TPBANK BEN THANH,SOU,Miền Nam
20180329,"200",TPBANK TP HO CHI MINH TONG HOP,,
20180329,"021",TPBANK LE NGOC HAN,NOR,Miên Bắc
20180329,"244",TT KINH DOANH HOI SO MIEN NAM,,
20180329,"216",TPBANK PHU MY HUNG 1,SOU,Miền Nam
20180329,"250",TPBANK HOC MON,SOU,Miền Nam
20180329,"026",TPBANK LINH DAM,NOR,Miên Bắc
20180329,"049",TRUNG TAM KINH DOANH MY DINH,,
20180329,"341",TRUNG TAM KINH DOANH THANH HOA,,
20180329,"511",TRUNG TAM KINH DOANH BAC NINH,,
20180329,"078",TRUNG TAM KINH DOANH HA THANH,,
20180329,"510",TPBANK BAC NINH,NOR,Miên Bắc
20180329,"919",TTGD TU DONG LIVEBANK HCM TPB HCM,,
20180329,"311",TRUNG TAM KINH DOANH NGHE AN,,
20180329,"024",TPBANK HA NOI 1,,
20180329,"208",TPBANK CUU LONG,SOU,Miền Nam
20180329,FO-CN-TTKDCTO03,Phòng Khách hàng Cá nhân,,
20180329,"380",TPBANK DAK LAK,SOU,Miền Nam
20180329,"040",TPBANK THANG LONG,NOR,Miên Bắc
20180329,"016",TPBANK TRUNG HOA NHAN CHINH,NOR,Miên Bắc
20180329,"270",TTKD BEN THANH,SOU,Miền Nam
20180329,"020",TPBANK DONG DA,NOR,Miên Bắc
20180329,"917",TTGD TU DONG LIVEBANK HCM SGN,,
20180329,"900",TTGD TU DONG LIVEBANK HN,,
20180329,"268",TRUNG TAM BAN MIEN NAM 5,,
20180329,"810",TPBANK KIEN GIANG,MOT,Miền Trung
20180329,"036",TRUNG TAM KINH DOANH DONG DA,,
20180329,"272",TPBANK THU DUC,MOT,Miền Trung
20180329,"905",TTGD TU DONG LIVEBANK THAI NGUYEN,,
20180329,"871",PHONG KD KHU VUC AN GIANG,,
20180329,"555",TPFICO,,
20180329,"009",TRUNG TAM KINH DOANH HOI SO CHINH,NOR,Miên Bắc
20180329,"207",TPBANK TAY SAI GON,SOU,Miền Nam
20180329,"002",TRUNG TAM BAN MIEN BAC 1,NOR,Miên Bắc
20180329,"012",TPBANK HA NOI,NOR,Miên Bắc
20180329,"025",TRUNG TAM KINH DOANH HOAN KIEM,NOR,Miên Bắc
20180329,"444",MUA BAN NO,,
20180329,"068",TPBANK TAY HA NOI,NOR,Miên Bắc
20180329,"041",TPBANK HOANG MAI,NOR,Miên Bắc
20180329,"240",TPBANK SAI GON,SOU,Miền Nam
20180329,HCM,NGAN HANG TPBANK TP HO CHI MINH,,
20180329,"000",NGAN HANG TMCP TIEN PHONG,NOR,Miên Bắc
20180329,"100",TPBANK HOAN KIEM TONG HOP,,
20180329,"391",TRUNG TAM KINH DOANH CAN THO,,
20180329,"096",KHOI BAN BUON,,
20180329,"350",TPBANK HAI PHONG,NOR,Miên Bắc
20180329,"014",TPBANK DONG DO,NOR,Miên Bắc
20180329,"099",KHOI NGUON VON,,
20180329,"201",TPBANK TP HO CHI MINH,SOU,Miền Nam
20180329,"392",TPBANK BAC CAN THO,SOU,Miền Nam
20180329,"063",TPBANK SON TAY,NOR,Miên Bắc
20180329,"372",TRUNG TAM KINH DOANH BAC DA NANG,,
20180329,"027",TRUNG TAM KINH DOANH TRANG AN,,
20180329,"223",TRUNG TAM KINH DOANH QUAN 3,,
20180329,"908",TTGD TU DONG LIVEBANK BAC NINH,,
20180329,"918",TTGD TU DONG LIVEBANK HCM BTH,,
20180329,"035",TRUNG TAM KINH DOANH THANH XUAN,,
20180329,"910",TTGD TU DONG LIVEBANK KHANH HOA,,
20180329,"916",TTGD TU DONG LIVEBANK HA NOI THN,,
20180329,"247",PHONG KINH DOANH KV QUAN 7,,
20180329,"098",TT DAU TU & NH LUU KY,,
20180329,"830",TPBANK DONG NAI,SOU,Miền Nam
20180329,"010",TPBANK HA NOI TONG HOP,,
20180329,"019",TPBANK BA DINH,NOR,Miên Bắc
20180329,"103",T.TAM K.D THUC HANH HAI BA TRUNG ,,
20180329,"310",TPBANK NGHE AN,NOR,Miên Bắc
20180329,"101",TPBANK HAI BA TRUNG,NOR,Miên Bắc
20180329,"260",TPBANK BINH CHANH,SOU,Miền Nam
20180329,"084",TRUNG TAM BAN MIEN NAM 4,,
20180329,"371",TPBANK BAC DA NANG,MOT,Miền Trung
20180329,"219",TRUNG TAM KINH DOANH CONG HOA,,
20180329,"313",TPBANK VINH,SOU,Miền Nam
20180329,"331",TRUNG TAM KINH DOANH QUANG NINH,,
20180329,"902",TTGD TU DONG LIVEBANK DN,,
20180329,"904",TTGD TU DONG LIVEBANK HAI PHONG,,
20180329,"274",TRUNG TAM KINH DOANH NAM SAI GON,,
20180329,"246",PHONG KINH DOANH KV TAN BINH,,
20180329,"911",TTGD TU DONG LIVEBANK NGHE AN,,
20180329,BO-CN-BCT050000,Phòng V?n hành,,
20180329,BO-CN-CLE050000,Phòng V?n hành,,
20180329,BO-CN-DNG050000,Phòng V?n hành,,
20180329,BO-CN-HMI050000,Phòng V?n hành,,
20180329,BO-CN-LBN050000,Phòng V?n hành,,
20180329,BO-CN-NTG050000,Phòng V?n hành,,
20180329,BO-CN-STY050000,Phòng V?n hành,,
20180329,BO-CN-THO050000,Phòng V?n hành,,
20180329,BO-CN-TTKDBTH04,Phòng V?n hành,,
20180329,BO-CN-TTKDHSO05,Phòng V?n hành,,
20180329,BO-CN-TTKDTHA01,Ban Giám d?c,,
20180329,BO-DT010100,B? ph?n H? tr? Giao d?ch,,
20180329,BO-HO-BKS010500,"Phòng Thanh tra và Gi?i quy?t Khi?u n?i, T? cáo",,
20180329,BO-HO-CL010000,Ban Giám d?c,,
20180329,BO-HO-HRBPPB,Phòng Ð?i tác Nhân s? phía B?c,,
20180329,BO-HO-KCN110100,B? ph?n D? án Chi?n lu?c và Phân tích Kinh doanh,,
20180329,BO-HO-KCN220100,M?ng Chi?n lu?c,,
20180329,BO-HO-KDN110000,Phòng S?n ph?m Tài tr? Thuong m?i,,
20180329,BO-HO-NNL010000,Ban Giám d?c,,
20180329,"203",TPBANK CONG HOA,SOU,Miền Nam
20180329,"086",TRUNG TAM BAN MIEN TRUNG,NOR,Miên Bắc
20180329,"206",TPBANK DO THANH 1,SOU,Miền Nam
20180329,"202",TPBANK NGUYEN OANH,SOU,Miền Nam
20180329,"093",TT KH DOANH NGHIEP LON MIEN NAM 2,,
20180329,"064",TPBANK HA DONG,NOR,Miên Bắc
20180329,"901",TTGD TU DONG LIVEBANK HCM,,
20180329,BO-HO-PDVNS,Phòng D?ch v? Nhân s?,,
20180329,BO-HO-QRR000000,Kh?i Qu?n tr? R?i ro,,
20180329,BO-HO-QRR060000,Phòng Qu?n tr? r?i ro v?n hành,,
20180329,BO-HO-TCH000000,Kh?i Tài chính,,
20180329,BO-HO-TDG000000,Kh?i Tín d?ng,,
20180329,BO-HO-TDG140000,Trung tâm Th?m d?nh Tài s?n B?o d?m,,
20180329,BO-HO-VHH040000,Phòng Mua s?m T?p trung,,
20180329,BO-HO-VHH160700,Phòng H? tr? tín d?ng Ngân hàng Cá nhân mi?n Nam,,
20180329,BO-HO-VHH180000,Trung tâm Ð?m b?o Ch?t lu?ng,,
20180329,BTT060100,Ban Giám d?c,,
20180329,CNT17000,Phòng Tích h?p ?ng d?ng,,
20180329,FO-CB-TDC010000,Ban Giám d?c,,
20180329,FO-CN-BCH010000,Ban Giám d?c,,
20180329,FO-CN-BDG010000,Ban Giám d?c,,
20180329,FO-CN-BHA010000,Ban Giám d?c,,
20180329,FO-CN-BT020000,Phòng D?ch v? Khách hàng,,
20180329,FO-CN-CHA040000,Phòng Khách hàng Doanh nghi?p,,
20180329,FO-CN-CLG040000,Phòng Khách hàng Doanh nghi?p,,
20180329,FO-CN-CTG040000,Phòng Khách hàng Doanh nghi?p,,
20180329,FO-CN-DAN04,Phòng Khách hàng Doanh nghi?p,,
20180329,FO-CN-DDO040000,Phòng Khách hàng Doanh nghi?p,,
20180329,FO-CN-DNI020000,Phòng D?ch v? Khách hàng,,
20180329,"218",TRUNG TAM KINH DOANH PHU MY HUNG,,
20180329,"906",TTGD TU DONG LIVEBANK VUNG TAU,,
20180329,"913",TTGD TU DONG LIVEBANK HA NOI HKM,,
20180329,FO-CN-GDH020000,Phòng D?ch v? Khách hàng,,
20180329,"831",TPBANK BIEN HOA,MOT,Miền Trung
20180329,"920",TTGD TU DONG LIVEBANK HCM PDL,,
20180329,"217",TRUNG TAM KINH DOANH CUU LONG,,
20180329,"062",PHONG KINH DOANH KV HA DONG,,
20180329,"209",TRUNG TAM KINH DOANH HO CHI MINH,,
20180329,"351",TPBANK TO HIEU,NOR,Miên Bắc
20180329,"088",NGAN HANG CA NHAN,,
20180329,"097",BIG CORP FI,,
20180329,"286",TRUNG TAM BAN MIEN NAM 2,,
20180329,"095",NGAN HANG DOANH NGHIEP,,
20180329,"022",TPBANK HO GUOM 1,NOR,Miên Bắc
20180329,"013",TPBANK NAM HA NOI 1,NOR,Miên Bắc
20180329,"039",TPBANK THANH DO,NOR,Miên Bắc
20180329,TNG,NGAN HANG TPBANK KHU VUC MIEN TRUNG,,
20180329,"090",TRUNG TAM KHCC MIEN NAM,,
20180329,"079",TRUNG TAM KINH DOANH TAY HA NOI,,
20180329,"083",TRUNG TAM BAN MIEN NAM 3,,
20180329,"048",TRUNG TAM KINH DOANH CAU GIAY,,
20180329,"077",PHONG KINH DOANH KV THC,,
20180329,"107",PHONG KINH DOANH KV VINH PHUC,,
20180329,"352",TRUNG TAM KINH DOANH TO HIEU,,
20180329,"320",TPBANK NAM DINH,,
20180329,"332",TPBANK CAM PHA,NOR,Miên Bắc
20180329,"921",TTGD TU DONG LIVEBANK HCM HMN,,
20180329,"105",PHONG KINH DOANH KV LBN,,
20180329,AGG050200,B? ph?n H? tr? Tín d?ng,,
20180329,BO-CN-BNH05,Phòng V?n hành,,
20180329,FO-CN-HCM020000,Phòng D?ch v? Khách hàng,,
20180329,FO-CN-HKM020000,Phòng D?ch v? Khách hàng,,
20180329,FO-CN-HMN020000,Phòng D?ch v? Khách hàng,,
20180329,FO-CN-HPG020000,Phòng D?ch v? Khách hàng,,
20180329,FO-CN-HVG020000,Phòng D?ch v? Khách hàng,,
20180329,FO-CN-KGG040000,Phòng Khách hàng Doanh nghi?p,,
20180329,FO-CN-LDM040000,Phòng Khách hàng Doanh nghi?p,,
20180329,FO-CN-MDH040000,Phòng Khách hàng Doanh nghi?p,,
20180329,FO-CN-NGA040000,Phòng Khách hàng Doanh nghi?p,,
20180329,FO-CN-NOH040000,Phòng Khách hàng Doanh nghi?p,,
20180329,FO-CN-PDL040000,Phòng Khách hàng Doanh nghi?p,,
20180329,FO-CN-PMH040000,Phòng Khách hàng Doanh nghi?p,,
20180329,BO-CN-AGG050000,Phòng V?n hành,,
20180329,BO-CN-BTH050000,Phòng V?n hành,,
20180329,BO-CN-DDO050000,Phòng V?n hành,,
20180329,BO-CN-HGM050000,Phòng V?n hành,,
20180329,BO-CN-KD.HTH02,Phòng V?n hành,,
20180329,BO-CN-NHN050000,Phòng V?n hành,,
20180329,BO-CN-QNH050000,Phòng V?n hành,,
20180329,BO-CN-THC050000,Phòng V?n hành,,
20180329,BO-CN-TTKDBHA02,Phòng V?n hành,,
20180329,BO-CN-TTKDDDA02,Phòng V?n hành,,
20180329,BO-CN-TTKDQNH02,Phòng V?n hành,,
20180329,BO-CN-otoHCM04,Phòng V?n hành,,
20180329,BO-HO-BKS010100,Ban Giám d?c,,
20180329,BO-HO-BTT020000,B? ph?n H? tr? bán,,
20180329,BO-HO-HRBPFC,Phòng Ð?i tác Nhân s? (Finco),,
20180329,BO-HO-KCN060000,Phòng S?n ph?m Th?,,
20180329,BO-HO-KCN170000,D? án Digital Bank,,
20180329,BO-HO-KDN080000,B? ph?n Qu?n lý bán,,
20180329,FO-CN-QNH030000,Phòng Khách hàng Cá nhân,,
20180329,FO-CN-STY030000,Phòng Khách hàng Cá nhân,,
20180329,FO-CN-TDC040000,Phòng Khách hàng Doanh nghi?p,,
20180329,FO-CN-THA040000,Phòng Khách hàng Doanh nghi?p,,
20180329,FO-CN-THN030000,Phòng Khách hàng Cá nhân,,
20180329,FO-CN-TLG020000,Phòng D?ch v? Khách hàng,,
20180329,FO-CN-TT.BTAH01,Ban Giám d?c,,
20180329,FO-CN-TTKD.HSO000000,Trung tâm Kinh doanh H?i s?,,
20180329,FO-CN-HNI040000,Phòng Khách hàng Doanh nghi?p,,
20180329,FO-CN-HTH040000,Phòng Khách hàng Doanh nghi?p,,
20180329,FO-CN-KD.HTH04,Phòng Khách hàng Doanh nghi?p,,
20180329,BO-CN-CTG050000,Phòng V?n hành,,
20180329,BO-CN-HBT050000,Phòng V?n hành,,
20180329,BO-CN-HTH050000,Phòng V?n hành,,
20180329,BO-CN-NDH050000,Phòng V?n hành,,
20180329,BO-CN-Q1050000,Phòng V?n hành,,
20180329,BO-CN-THA050000,Phòng V?n hành,,
20180329,BO-CN-TT.BTAH02,Phòng V?n hành,,
20180329,BO-CN-TTKDCLG02,Phòng V?n hành,,
20180329,BO-CN-TTKDPMH02,Phòng V?n hành,,
20180329,BO-CN-VIH050000,Phòng V?n hành,,
20180329,BO-HO-BKS000000,Ban Ki?m soát,,
20180329,BO-HO-BKS010900,B? ph?n T?ng h?p và Báo cáo,,
20180329,BO-HO-DAN000002,D? án DCP,,
20180329,BO-HO-KCN040000,Phòng S?n ph?m Ebank,,
20180329,BO-HO-KCN150000,Phòng S?n ph?m D?ch v? Khách hàng Cao c?p,,
20180329,BO-HO-KCN220500,M?ng D? án,,
20180329,BO-HO-KNV010000,Ban Giám d?c,,
20180329,BO-HO-PC0100000,Phòng T? t?ng,,
20180329,BO-HO-PRM060000,Phòng PR và Truy?n thông N?i b?,,
20180329,BO-HO-QRR020300,Nhóm Ð?nh hu?ng chính sách kh?u v? r?i ro tín d?ng,,
20180329,BO-HO-QRR080200,B? ph?n Phân lu?ng và C?nh báo s?m,,
20180329,BO-HO-TCH020500,Phòng MIS CB&CM,,
20180329,BO-HO-TDG100000,Phòng Tái th?m d?nh Tín d?ng KHCN 1,,
20180329,BO-HO-TDG140500,Phòng Th?m d?nh Th?c t? Khách hàng,,
20180329,BO-HO-VHH150202,B? ph?n Tài tr? thuong m?i,,
20180329,BO-HO-VHH161400,B? ph?n H? tr? Qu?n tr? H? th?ng,,
20180329,BO-HO-VHH190200,B? ph?n Ki?m soát sau,,
20180329,CNT13000,Phòng Phân tích Nghi?p v? và Ki?m  th?,,
20180329,DNG010000,Ban Giám d?c,,
20180329,FO-CN-AGG030000,Phòng Khách hàng Cá nhân,,
20180329,FO-CN-BCT020000,Phòng D?ch v? Khách hàng,,
20180329,FO-CN-BDI020000,Phòng D?ch v? Khách hàng,,
20180329,FO-CN-BNH02,Phòng D?ch v? khách hàng,,
20180329,FO-CN-BTH020000,Phòng D?ch v? Khách hàng,,
20180329,FO-CN-CLE030000,Phòng Khách hàng Cá nhân,,
20180329,FO-CN-CPA030000,Phòng Khách hàng Cá nhân,,
20180329,FO-CN-CTO030000,Phòng Khách hàng Cá nhân,,
20180329,FO-CN-DDA030000,Phòng Khách hàng Cá nhân,,
20180329,FO-CN-DLK030000,Phòng Khách hàng Cá nhân,,
20180329,FO-CN-DOT000000,TPBank Ðô Thành,,
20180329,FO-CN-HBT010000,Ban Giám d?c,,
20180329,FO-CN-HGM010000,Ban Giám d?c,,
20180329,FO-CN-LDM010000,Ban Giám d?c,,
20180329,FO-CN-MDH010000,Ban Giám d?c,,
20180329,FO-CN-NGA010000,Ban Giám d?c,,
20180329,FO-CN-NOH010000,Ban Giám d?c,,
20180329,FO-CN-PDL010000,Ban Giám d?c,,
20180329,FO-CN-PMH010000,Ban Giám d?c,,
20180329,FO-CN-Q4030000,Phòng Khách hàng Cá nhân,,
20180329,FO-CN-SGN030000,Phòng Khách hàng Cá nhân,,
20180329,FO-CN-TBH030000,Phòng Khách hàng Cá nhân,,
20180329,FO-CN-THA010000,Ban Giám d?c,,
20180329,FO-CN-THN040000,Phòng Khách hàng Doanh nghi?p,,
20180329,FO-CN-TLG030000,Phòng Khách hàng Cá nhân,,
20180329,FO-CN-TTI020000,Phòng D?ch v? Khách hàng,,
20180329,FO-CN-TTKDBHA04,Phòng Khách hàng Doanh nghi?p,,
20180329,BO-HO-PC000000,Kh?i Pháp ch? và X? lý n?,,
20180329,BO-HO-PRM000000,"Trung tâm Truy?n thông, QLTH và Marketing",,
20180329,BO-HO-QRR020100,Nhóm Qu?n lý danh m?c tín d?ng,,
20180329,BO-HO-QRR080000,Trung tâm Giám sát Tín d?ng,,
20180329,BO-HO-TCH020000,Trung tâm k? ho?ch và Thông tin qu?n tr?,,
20180329,BO-HO-TDG080000,Phòng Tái th?m d?nh Tín d?ng KHDN 1,,
20180329,BO-HO-TDG140200,Phòng Th?m d?nh Tài s?n mi?n B?c,,
20180329,BO-HO-VHH120000,Nhóm Qu?n lý h? th?ng v?n hành,,
20180329,BO-HO-VHH160900,Phòng H? tr? tín d?ng Ngân hàng Cá nhân có TSBÐ mi?n B?c,,
20180329,BO-HO-VHH190000,Trung tâm Nghi?p v? Giao d?ch và Kho qu?,,
20180329,CNT11000,Phòng V?n hành H? t?ng,,
20180329,CNT19000,B? ph?n Qu?n tr? D? án,,
20180329,FO-CN-AGG010000,Ban Giám d?c,,
20180329,FO-CN-BCH030000,Phòng Khách hàng Cá nhân,,
20180329,FO-CN-BDG030000,Phòng Khách hàng Cá nhân,,
20180329,FO-CN-BHA030000,Phòng Khách hàng Cá nhân,,
20180329,FO-CN-BT040000,Phòng Khách hàng Doanh nghi?p,,
20180329,FO-CN-CLE010000,Ban Giám d?c,,
20180329,FO-CN-CPA010000,Ban Giám d?c,,
20180329,FO-CN-CTO010000,Ban Giám d?c,,
20180329,FO-CN-DDA010000,Ban Giám d?c,,
20180329,FO-CN-DLK010000,Ban Giám d?c,,
20180329,FO-CN-DNI040000,Phòng Khách hàng Doanh nghi?p,,
20180329,FO-CN-GDH040000,Phòng Khách hàng Doanh nghi?p,,
20180329,FO-CN-HCM040000,Phòng Khách hàng Doanh nghi?p,,
20180329,FO-CN-HKM040000,Phòng Khách hàng Doanh nghi?p,,
20180329,FO-CN-HMN040000,Phòng Khách hàng Doanh nghi?p,,
20180329,FO-CN-HPG040000,Phòng Khách hàng Doanh nghi?p,,
20180329,FO-CN-HMI010000,Ban Giám d?c,,
20180329,FO-CN-HNI010000,Ban Giám d?c,,
20180329,FO-CN-HTH010000,Ban Giám d?c,,
20180329,FO-CN-KD.HTH03,Phòng Khách hàng Cá nhân,,
20180329,FO-CN-LBN030000,Phòng Khách hàng Cá nhân,,
20180329,FO-CN-LNH030000,Phòng Khách hàng Cá nhân,,
20180329,FO-CN-NDH040000,Phòng Khách hàng doanh nghi?p,,
20180329,FO-CN-NHN030000,Phòng Khách hàng Cá nhân,,
20180329,FO-CN-NTG030000,Phòng Khách hàng Cá nhân,,
20180329,FO-CN-PHG030000,Phòng Khách hàng Cá nhân,,
20180329,FO-CN-Q4040000,Phòng Khách hàng Doanh nghi?p,,
20180329,BO-CN-BDI050000,Phòng V?n hành,,
20180329,BO-CN-CPA050000,Phòng V?n hành,,
20180329,BO-CN-DOT050000,Phòng V?n hành,,
20180329,BO-CN-HNI050000,Phòng V?n hành,,
20180329,BO-CN-LNH050000,Phòng V?n hành,,
20180329,BO-CN-PHG050000,Phòng V?n hành,,
20180329,BO-CN-TDC050000,Phòng V?n hành,,
20180329,BO-CN-TLG050000,Phòng V?n hành,,
20180329,BO-CN-TTKDCHA02,Phòng V?n hành,,
20180329,BO-CN-TTKDNAN02,Phòng V?n hành,,
20180329,BO-CN-TTKDTXN02,Phòng V?n hành,,
20180329,BO-DT020000,Phòng Phân tích và Qu?n lý Tín d?ng,,
20180329,BO-HO-BKS010700,Phòng Ki?m toán Tín d?ng,,
20180329,BO-HO-CNT010000,Ban Giám d?c,,
20180329,BO-HO-KCN010000,Ban Giám d?c,,
20180329,BO-HO-KCN120000,Phòng Call Center,,
20180329,BO-HO-KCN220300,M?ng Qu?n tr? r?i ro,,
20180329,BO-HO-KDN180000,Trung tâm Khách hàng Doanh nghi?p mi?n Nam,,
20180329,FO-CN-SGN040000,Phòng Khách hàng Doanh nghi?p,,
20180329,FO-CN-TBH040000,Phòng Khách hàng Doanh nghi?p,,
20180329,FO-CN-TDO040000,Phòng Khách hàng Doanh nghi?p,,
20180329,FO-CN-THC040000,Phòng Khách hàng Doanh nghi?p,,
20180329,FO-CN-THU010000,Ban Giám d?c,,
20180329,FO-CN-TSG010000,Ban Giám d?c,,
20180329,FO-CN-TTI010000,Ban Giám d?c,,
20180329,FO-CN-TTKD.otoHCM,Trung tâm kinh doanh s?n ph?m ô tô TP. H? Chí Minh,,
20180329,FO-CN-HPG030000,Phòng Khách hàng Cá nhân,,
20180329,FO-CN-HVG030000,Phòng Khách hàng Cá nhân,,
20180329,FO-CN-LBN020000,Phòng D?ch v? Khách hàng,,
20180329,FO-CN-LNH020000,Phòng D?ch v? Khách hàng,,
20180329,FO-CN-NDH010000,Ban Giám d?c,,
20180329,FO-CN-HVG040000,Phòng Khách hàng Doanh nghi?p,,
20180329,FO-CN-LBN010000,Ban giám d?c,,
20180329,FO-CN-LNH010000,Ban Giám d?c,,
20180329,FO-CN-NDH020000,Phòng D?ch v? khách hàng,,
20180329,FO-CN-NHN010000,Ban Giám d?c,,
20180329,FO-CN-NTG010000,Ban Giám d?c,,
20180329,FO-CN-PHG010000,Ban Giám d?c,,
20180329,FO-CN-Q4020000,Phòng D?ch v? Khách hàng,,
20180329,FO-CN-SGN020000,Phòng D?ch v? Khách hàng,,
20180329,FO-CN-TBH020000,Phòng D?ch v? Khách hàng,,
20180329,FO-CN-TDO020000,Phòng D?ch v? Khách hàng,,
20180329,FO-CN-THC020000,Phòng D?ch v? Khách hàng,,
20180329,FO-CN-THO040000,Phòng Khách hàng Doanh nghi?p,,
20180329,FO-CN-TLG040000,Phòng Khách hàng Doanh nghi?p,,
20180329,FO-CN-TT.BTAH04,Phòng Khách hàng Doanh nghi?p,,
20180329,FO-CN-TTKD.THU000000,Trung tâm Kinh doanh Tô Hi?u,,
20180329,FO-CN-TTKDBNH04,Phòng Khách hàng Doanh nghi?p,,
20180329,FO-DT010000,Trung tâm Ð?u tu,,
20180329,FO-HO-BTT070000,Trung tâm Bán mi?n B?c 2,,
20180329,FO-HO-BTT180000,Trung tâm Bán mi?n Nam 4,,
20180329,FO-HO-KDN000000,Kh?i Ngân hàng Doanh nghi?p,,
20180329,FO-HO-KNV030000,Trung tâm Ð?nh ch? tài chính,,
20180329,FO-HO-KNV070300,B? ph?n Chính sách s?n ph?m và Qu?n lý bán,,
20180329,HKM050100,B? ph?n Hành chính Qu?n tr?,,
20180329,LSLevel1Code,Level1VN,,
20180329,PBMB05,Phòng Kinh doanh KHCC mi?n B?c 4,,
20180329,VHH15010000,Phòng Thanh toán Trong nu?c,,
20180329,VHH180300,Phòng Qu?n lý D?ch v? H?u c?n Chi nhánh,,
20180329,BO-HO-QRR040000,Nhóm D? án Qu?n tr? R?i ro,,
20180329,BO-HO-QRR080300,"B? ph?n Giám sát, Ki?m tra và Co c?u Tín d?ng",,
20180329,BO-HO-TCH020600,Phòng MIS RB&KPP,,
20180329,BO-HO-TDG110000,Phòng Tái th?m d?nh Tín d?ng KHCN 2,,
20180329,HNI050100,B? ph?n Hành chính Qu?n tr?,,
20180329,LSLevel3Code,Level3VN,,
20180329,TCH020400,B? ph?n Qu?n lý Ngân sách,,
20180329,VHH150300,"Phòng Tác nghi?p Giao d?ch Ngu?n v?n, Th? tru?ng Ti?n t?, Ð?u tu và Ngân hàng Luu ký",,
20180329,BO-HO-PRM090000,Nhóm Van hóa Ðoàn th?,,
20180329,BO-HO-QRR050300,Nhóm Qu?n tr? d? li?u r?i ro,,
20180329,BO-HO-QRR110000,Phòng Qu?n tr? R?i ro Tín d?ng,,
20180329,BO-HO-TCH050000,K? toán tru?ng,,
20180329,BO-HO-TDG130000,Phòng Tái th?m d?nh Tín d?ng KHDN 3,,
20180329,BO-HO-VHH010000,Ban Giám d?c,,
20180329,BO-HO-VHH160500,Phòng H? tr? Tín d?ng Ngân hàng Doanh nghi?p mi?n Nam,,
20180329,BO-HO-VHH170100,B? ph?n Qu?n lý R?i ro th?,,
20180329,BO-HO-VPT000000,Van Phòng T?ng giám d?c,,
20180329,FO-CN-BTH030000,Phòng Khách hàng Cá nhân,,
20180329,FO-CN-CLE040000,Phòng Khách hàng Doanh nghi?p,,
20180329,FO-CN-CPA040000,Phòng Khách hàng Doanh nghi?p,,
20180329,FO-CN-CTO040000,Phòng Khách hàng Doanh nghi?p,,
20180329,FO-CN-DDA040000,Phòng Khách hàng Doanh nghi?p,,
20180329,FO-CN-DLK040000,Phòng Khách hàng Doanh nghi?p,,
20180329,FO-CN-DNI030000,Phòng Khách hàng Cá nhân,,
20180329,FO-CN-GDH010000,Ban Giám d?c,,
20180329,FO-CN-HCM010000,Ban Giám d?c,,
20180329,FO-CN-HKM010000,Ban Giám d?c,,
20180329,FO-CN-HMN010000,Ban Giám d?c,,
20180329,PBMB04,Phòng Kinh doanh KHCC mi?n B?c 2,,
20180329,VHH110200,Van phòng mi?n Nam,,
20180329,VHH180200,Phòng Ch?t lu?ng D?ch v? Khách hàng,,
20180329,FO-DT050000,Phòng Ngân hàng Luu ký,,
20180329,FO-HO-BTT140000,Trung tâm Bán Ngh? An,,
20180329,FO-HO-DTDNL000000,Kh?i Ð?u tu và Khách hàng Doanh nghi?p l?n,,
20180329,FO-HO-KDSPDB04,B? ph?n Kinh doanh s?n ph?m cho vay tín ch?p,,
20180329,FO-HO-KNV060000,Phòng T? doanh Ngo?i t?,,
20180329,Fo-CN-DOT010000,Ban Giám d?c,,
20180329,KGG,TPBank Kiên Giang,,
20180329,PBMB01,Phòng Qu?n lý và Ði?u ph?i D?ch v? KHCC,,
20180329,TCH050300,B? ph?n K? toán Tài chính khu v?c Mi?n Nam,,
20180329,VHH170200,"Phòng Qu?n lý và V?n hành ATM, POS, mPOS",,
20180329,BO-HO-QRR010000,Ban Giám d?c,,
20180329,BO-HO-QRR070000,Phòng Qu?n tr? r?i ro th? tru?ng,,
20180329,BO-HO-TCH010000,Ban Giám d?c,,
20180329,BO-HO-TDG010000,Ban Giám d?c,,
20180329,BO-HO-TDG140100,Phòng Th?m d?nh Tài s?n mi?n Nam,,
20180329,KNV050400,Phòng Ti?n t? Thanh kho?n,,
20180329,PBMB03,Phòng Kinh doanh KHCC mi?n B?c 3,,
20180329,TCH050500,Phòng K? toán Chi tiêu N?i b? H?i s? và Mi?n B?c,,
20180329,VHH180100,Phòng Ch?t lu?ng D?ch v? N?i b?,,
20180329,BO-HO-QRR020200,Nhóm Giám sát tuân th? tín d?ng,,
20180329,BO-HO-QRR080100,Ban Giám d?c,,
20180329,BO-HO-TCH020400,Phòng K? ho?ch và PTTC,,
20180329,BO-HO-TDG090000,Phòng Tái th?m d?nh Tín d?ng KHDN 2,,
20180329,BO-HO-TDG140400,B? ph?n Giám sát TSBÐ và Van b?n TSBÐ,,
20180329,BO-HO-VHH150000,Trung tâm X? lý Nghi?p v?,,
20180329,BO-HO-VHH161300,B? ph?n dang ký giao d?ch b?o d?m tài s?n mi?n Nam,,
20180329,BO-HO-VHH190100,B? ph?n Nghi?p v? D?ch v? khách hàng,,
20180329,"922",TTGD TU DONG LIVEBANK QUANG NINH,,
20180329,"059",TRUNG TAM KHCC MIEN BAC 2,,
20180329,"082",TRUNG TAM KHCC MIEN BAC 3,,
20180329,FO-CN-TTKDHSO01,Ban Giám d?c,,
20180329,FO-CN-TTKDNAN04,Phòng Khách hàng Doanh nghi?p,,
20180329,FO-CN-TTKDQNH01,Ban Giám d?c,,
20180329,FO-CN-TTKDTXN01,Ban Giám d?c,,
20180329,FO-CN-TTTHHBT01,Phòng Khách hàng Doanh nghi?p,,
20180329,FO-CN-VIH020000,Phòng D?ch v? Khách hàng,,
20180329,FO-CN-otoHCM01,Phòng Kinh doanh khu v?c Qu?n 7,,
20180329,FO-CN-otoHN06,Ban Giám d?c,,
20180329,FO-CN-TTKDBTH01,Ban Giám d?c,,
20180329,BO-CN-BCH050000,Phòng V?n hành,,
20180329,BO-CN-CHA050000,Phòng V?n hành,,
20180329,BO-CN-DLK050000,Phòng V?n hành,,
20180329,BO-CN-HKM050000,Phòng V?n hành,,
20180329,BO-CN-KGG050000,Phòng V?n hành,,
20180329,BO-CN-NOH050000,Phòng V?n hành,,
20180329,BO-CN-SGN050000,Phòng V?n hành,,
20180329,BO-CN-THN050000,Phòng V?n hành,,
20180329,BO-CN-TTKDBNH02,Phòng V?n hành,,
20180329,FO-CN-TTKDBTH02,Phòng Khách hàng Cá nhân,,
20180329,FO-CN-TTKDCLE02,Phòng Khách hàng Cá nhân,,
20180329,FO-CN-TTKDDDA01,Ban Giám d?c,,
20180329,FO-CN-TTKDHSO03,Phòng Khách hàng Cá nhân,,
20180329,FO-CN-TTKDNSG03,Phòng Khách hàng Cá nhân,,
20180329,FO-CN-TTKDQNH04,Phòng Khách hàng Doanh nghi?p,,
20180329,FO-CN-TTKDTXN04,Phòng Khách hàng Doanh nghi?p,,
20180329,FO-CN-TTTHHBT04,Phòng Khách hàng Cá nhân (BTT),,
20180329,FO-CN-VIH040000,Phòng Khách hàng Doanh nghi?p,,
20180329,FO-CN-otoHCM03,Phòng Kinh doanh khu v?c Qu?n 5,,
20180329,FO-CN-otoHN08,Phòng Kinh doanh khu v?c Vinh Phúc,,
20180329,BO-CN-BDG050000,Phòng V?n hành,,
20180329,BO-CN-CLG050000,Phòng V?n hành,,
20180329,BO-CN-DNI050000,Phòng V?n hành,,
20180329,BO-CN-HMN050000,Phòng V?n hành,,
20180329,BO-CN-LDM050000,Phòng V?n hành,,
20180329,BO-CN-PDL050000,Phòng V?n hành,,
20180329,BO-CN-TBH050000,Phòng V?n hành,,
20180329,BO-CN-THU050000,Phòng V?n hành,,
20180329,FO-CN-NHN020000,Phòng D?ch v? Khách hàng,,
20180329,FO-CN-NTG020000,Phòng D?ch v? Khách hàng,,
20180329,FO-CN-PHG020000,Phòng D?ch v? Khách hàng,,
20180329,FO-CN-Q1000000,TPBank Qu?n 1,,
20180329,FO-CN-QNH040000,Phòng Khách hàng Doanh nghi?p,,
20180329,FO-CN-STY040000,Phòng Khách hàng Doanh nghi?p,,
20180329,FO-CN-TDO030000,Phòng Khách hàng Cá nhân,,
20180329,FO-CN-THC030000,Phòng Khách hàng Cá nhân,,
20180329,FO-CN-THU040000,Phòng Khách hàng Doanh nghi?p,,
20180329,FO-CN-TSG040000,Phòng Khách hàng Doanh nghi?p,,
20180329,FO-CN-TTKD.THA000000,Trung tâm Kinh doanh Thanh Hóa,,
20180329,BO-HO-KNV060000,Phòng Qu?n lý và H? tr? Kinh doanh,,
20180329,BO-HO-PC080000,Phòng X? lý n? mi?n B?c,,
20180329,BO-HO-PRM080000,Nhóm Digital Marketing,,
20180329,BO-HO-QRR050000,Phòng Mô hình R?i ro,,
20180329,BO-HO-QRR080700,"Phòng Giám sát, Ki?m tra và Co c?u tín d?ng KHDN SME",,
20180329,BO-HO-TCH030000,Phòng H? tr? ALCO (ASU),,
20180329,BO-HO-TDG120000,B? ph?n Xây d?ng Van b?n Nghi?p v? Tín d?ng,,
20180329,BO-HO-VHH000000,Kh?i V?n hành,,
20180329,BO-HO-VHH160400,Phòng H? tr? Tín d?ng Ngân hàng Doanh nghi?p mi?n B?c,,
20180329,BO-HO-VHH170000,Trung tâm V?n hành th?,,
20180329,BO-HO-VPQ000000,Van phòng HÐQT,,
20180329,CNT15000,Phòng ?ng d?ng Core & Mis,,
20180329,DNI050100,B? ph?n Hành chính Qu?n tr?,,
20180329,FO-CN-AGG060000,Phòng Phát tri?n Khách hàng Nông nghi?p KV T? Giác Long Xuyên,,
20180329,FO-CN-BCT040000,Phòng Khách hàng Doanh nghi?p,,
20180329,FO-CN-BDI040000,Phòng Khách hàng Doanh nghi?p,,
20180329,FO-CN-BNH04,Phòng Khách hàng Doanh nghi?p,,
20180329,FO-CN-CHA020000,Phòng D?ch v? Khách hàng,,
20180329,FO-CN-CLG020000,Phòng D?ch v? Khách hàng,,
20180329,FO-CN-CTG020000,Phòng D?ch v? Khách hàng,,
20180329,FO-CN-DAN02,Phòng D?ch v? khách hàng,,
20180329,FO-CN-DDO020000,Phòng D?ch v? Khách hàng,,
20180329,FO-CN-DNG030000,Phòng Khách hàng Cá nhân,,
20180329,FO-CN-DOT030000,Phòng Khách hàng Cá nhân,,
20180329,FO-CN-HBT030000,Phòng Khách hàng Cá nhân,,
20180329,FO-CN-HGM030000,Phòng Khách hàng Cá nhân,,
20180329,FO-CN-HMI030000,Phòng Khách hàng Cá nhân,,
20180329,FO-CN-HNI030000,Phòng Khách hàng Cá nhân,,
20180329,FO-CN-HTH030000,Phòng Khách hàng Cá nhân,,
20180329,FO-CN-KGG010000,Ban Giám d?c,,
20180329,FO-CN-LDM020000,Phòng D?ch v? Khách hàng,,
20180329,FO-CN-MDH020000,Phòng D?ch v? Khách hàng,,
20180329,FO-CN-NGA020000,Phòng D?ch v? Khách hàng,,
20180329,FO-CN-NOH020000,Phòng D?ch v? Khách hàng,,
20180329,FO-CN-PDL020000,Phòng D?ch v? Khách hàng,,
20180329,FO-CN-PMH020000,Phòng D?ch v? Khách hàng,,
20180329,FO-CN-QNH010000,Ban Giám d?c,,
20180329,FO-CN-STY010000,Ban Giám d?c,,
20180329,FO-CN-TDC020000,Phòng D?ch v? Khách hàng,,
20180329,FO-CN-THA020000,Phòng D?ch v? Khách hàng,,
20180329,FO-CN-THN010000,Ban Giám d?c,,
20180329,FO-CN-THU030000,Phòng Khách hàng Cá nhân,,
20180329,FO-CN-TSG030000,Phòng Khách hàng Cá nhân,,
20180329,FO-CN-TTI030000,Phòng Khách hàng Cá nhân,,
20180329,FO-CN-TTKDBHA03,Phòng Khách hàng cá nhân,,
20180329,FO-CN-TTKDCGY03,Phòng Khách hàng cá nhân,,
20180329,FO-CN-TTKDCLG01,Ban Giám d?c,,
20180329,FO-CN-TTKDDDA04,Phòng Khách hàng Doanh nghi?p,,
20180329,FO-CN-TTKDMDH03,Phòng Khách hàng Cá nhân,,
20180329,FO-CN-TTKDPMH03,Phòng Khách hàng Cá nhân,,
20180329,FO-CN-TTKDTAN03,Phòng Khách hàng Cá nhân,,
20180329,FO-CN-TTKDVIH01,Ban Giám Ð?c,,
20180329,FO-CN-TTTHHVG02,Phòng Khách hàng Cá nhân,,
20180329,FO-CN-XLA010000,Ban Giám d?c,,
20180329,FO-CN-NGA030000,Phòng Khách hàng Cá nhân,,
20180329,FO-CN-NOH030000,Phòng Khách hàng Cá nhân,,
20180329,FO-CN-PDL030000,Phòng Khách hàng Cá nhân,,
20180329,FO-CN-PMH030000,Phòng Khách hàng Cá nhân,,
20180329,FO-CN-QNH020000,Phòng D?ch v? Khách hàng,,
20180329,FO-CN-STY020000,Phòng D?ch v? Khách hàng,,
20180329,FO-CN-TDC030000,Phòng Khách hàng Cá nhân,,
20180329,FO-CN-THA030000,Phòng Khách hàng Cá nhân,,
20180329,FO-CN-THU020000,Phòng D?ch v? Khách hàng,,
20180329,FO-CN-TSG020000,Phòng D?ch v? Khách hàng,,
20180329,FO-CN-TTI040000,Phòng Khách hàng Doanh nghi?p,,
20180329,FO-CN-TTKDBNH03,Phòng Khách hàng Cá nhân,,
20180329,FO-CN-TTKDCGY04,Phòng Khách hàng Doanh nghi?p,,
20180329,FO-CN-TTKDCLG03,Phòng khách hàng cá nhân,,
20180329,FO-CN-TTKDHKM01,Ban Giám d?c,,
20180329,FO-CN-TTKDMDH01,Ban Giám d?c,,
20180329,FO-CN-TTKDPMH01,Ban Giám d?c,,
20180329,FO-CN-TTKDQNH03,Phòng Khách hàng Cá nhân,,
20180329,FO-CN-TTKDTXN03,Phòng Khách hàng Cá nhân,,
20180329,FO-CN-TTTHHVG01,Phòng Khách hàng Doanh nghi?p,,
20180329,FO-CN-VIH010000,Ban Giám d?c,,
20180329,FO-CN-otoHCM02,Phòng Kinh doanh khu v?c Tân Bình,,
20180329,FO-CN-otoHN07,Phòng Kinh doanh khu v?c Thái Nguyên,,
20180329,FO-HO-BTT000000,Kh?i Bán tr?c ti?p,,
20180329,FO-HO-BTT150000,Trung tâm Bán Ðak Lak,,
20180329,FO-HO-KCN000000,Kh?i Ngân hàng Cá nhân,,
20180329,FO-HO-KDSPDB05,B? ph?n kinh doanh s?n ph?m cho vay th? ch?p,,
20180329,FO-HO-KNV061000,B? ph?n T? doanh ngo?i t?/ngo?i t? tài kho?n,,
20180329,HBT050200,B? ph?n H? tr? Tín d?ng,,
20180329,KNV030300,B? ph?n Phân tích Ð?nh ch? tài chính,,
20180329,PBMB02,Phòng Kinh doanh KHCC mi?n B?c 1,,
20180329,TCH050400,B? ph?n Thu?,,
20180329,VHH170300,Phòng Thanh toán Ð?i soát,,
20180329,FO-DT030000,Trung tâm Khách hàng Doanh nghi?p l?n mi?n Nam,,
20180329,FO-HO-BTT120000,Trung tâm Bán mi?n Nam 2,,
20180329,FO-HO-BTT200000,Trung tâm Bán Mi?n Nam 5,,
20180329,FO-HO-KDSPDB02,B? ph?n Kinh doanh s?n ph?m tr? luong,,
20180329,FO-HO-KNV034000,B? ph?n Phân tích & Chi?n lu?c Ð?nh ch? tài chính,,
20180329,FO-HO-TTKDSPDB000000,Trung tâm Kinh doanh S?n ph?m Ð?c bi?t,,
20180329,FO-CN-TTKDCHA03,Phòng Khách hàng Cá nhân,,
20180329,FO-CN-TTKDCTO01,Ban Giám d?c,,
20180329,FO-CN-TTKDHKM03,Phòng Khách hàng Doanh nghi?p,,
20180329,FO-CN-TTKDMDH04,Phòng Khách hàng Doanh nghi?p,,
20180329,FO-CN-TTKDPMH04,Phòng Khách hàng Doanh nghi?p,,
20180329,FO-CN-TTKDTAN01,Ban Giám d?c,,
20180329,FO-CN-TTKDVIH03,Phòng Khách hàng Cá nhân,,
20180329,FO-CN-TTTHHVG04,Phòng Khách hàng Cá nhân (BTT),,
20180329,FO-CN-VIH030000,Phòng Khách hàng Cá nhân,,
20180329,FO-CN-otoHCM05,Ban Giám d?c,,
20180329,FO-CN-otoHN09,Phòng Kinh doanh khu v?c H?i Duong,,
20180329,FO-HO-BTT060000,Trung tâm Bán mi?n Nam 1,,
20180329,FO-HO-BTT170000,Trung tâm Bán mi?n Nam 3,,
20180329,FO-HO-KCN220000,Trung tâm Fico,,
20180329,FO-HO-KNV000000,Kh?i Ngu?n v?n và Th? tru?ng Tài chính,,
20180329,FO-HO-KNV070000,Phòng Kinh doanh Ngo?i t? và SPPS,,
20180329,BO-CN-TTKDCL04,Phòng V?n hành,,
20180329,BO-CN-TTKDNSG02,Phòng V?n hành,,
20180329,BO-CN-TTKDVIH02,Phòng V?n hành,,
20180329,BO-HO-BDH000000,Ban Ði?u hành,,
20180329,BO-HO-BKS010800,Phòng Ki?m toán các nghi?p v? khác,,
20180329,BO-HO-CNT070000,Phòng V?n hành ?ng d?ng,,
20180329,BO-HO-KCN030000,Phòng S?n ph?m Cho vay,,
20180329,BO-HO-KCN130000,B? ph?n Marketing S?n ph?m,,
20180329,BO-HO-KCN220400,M?ng V?n hành,,
20180329,BO-HO-KDN190000,B? ph?n Ngân hàng Ði?n t? Doanh nghi?p,,
20180329,HCM050200,B? ph?n H? tr? Tín d?ng,,
20180329,KNV050500,Phòng Kinh doanh Gi?y t? có giá,,
20180329,BO-HO-PC010000,Ban Giám d?c,,
20180329,BO-HO-PRM030000,B? ph?n Thi?t k?,,
20180329,CNT16000,Phòng S? hóa Quy trình,,
20180329,DNI050200,B? ph?n H? tr? Tín d?ng,,
20180329,FO-CN-BCH040000,Phòng Khách hàng Doanh nghi?p,,
20180329,FO-CN-BDG040000,Phòng Khách hàng Doanh nghi?p,,
20180329,FO-CN-BHA040000,Phòng Khách hàng Doanh nghi?p,,
20180329,FO-CN-BT030000,Phòng Khách hàng Cá nhân,,
20180329,FO-CN-CHA030000,Phòng Khách hàng Cá nhân,,
20180329,FO-CN-CLG030000,Phòng Khách hàng Cá nhân,,
20180329,VHH180400,B? ph?n C?i ti?n Quy trình,,
20180329,FO-HO-BTT050000,Trung tâm Bán mi?n B?c 1,,
20180329,FO-HO-BTT160000,Trung tâm Bán mi?n B?c 3,,
20180329,FO-HO-KCN080000,Trung tâm Khách hàng Cao c?p Mi?n Nam,,
20180329,FO-HO-KDSPDB06,Nhóm H? tr? tín d?ng và H? tr? kinh doanh,,
20180329,FO-HO-KNV062000,B? ph?n T? doanh ngo?i t? USDVND,,
20180329,HCM050100,B? ph?n Hành chính Qu?n tr?,,
20180329,FO-CN-TTKDCLE03,Phòng Khách hàng Doanh nghi?p,,
20180329,FO-CN-TTKDDDA03,Phòng Khách hàng Cá nhân,,
20180329,FO-CN-TTKDHSO04,Phòng Khách hàng Doanh nghi?p,,
20180329,FO-CN-TTKDNSG01,Ban Giám d?c,,
20180329,FO-CN-TTKDQ304,Phòng Khách hàng Doanh nghi?p,,
20180329,FO-CN-TTKDTHU03,Phòng Khách hàng Cá nhân,,
20180329,FO-CN-TTTHHBT02,Phòng Khách hàng Cá nhân,,
20180329,FO-CN-TXN030000,Phòng Khách hàng Cá nhân,,
20180329,FO-CN-XLA040000,Phòng Khách hàng Doanh nghi?p,,
20180329,FO-CN-otoHN03,Phòng Kinh doanh khu v?c Hà Ðông,,
20180329,FO-DT040000,Ban Giám d?c,,
20180329,FO-HO-BTT130000,Trung tâm bán Qu?ng Ninh,,
20180329,FO-HO-BTT210000,Trung tâm Bán Mi?n B?c 4,,
20180329,FO-HO-KDSPDB03,B? ph?n Kinh doanh s?n ph?m mPOS và th? tín d?ng,,
20180329,FO-HO-KNV050000,Trung tâm Th? tru?ng Ti?n t?,,
20180329,FP-CN-KGG020000,Phòng D?ch v? khách hàng,,
20180329,BO-CN-TTKDHKM04,Phòng V?n hành,,
20180329,BO-CN-TTKDTAN05,Phòng V?n hành,,
20180329,BO-DT010000,Phòng H? tr? và Qu?n lý Kinh doanh (BSU),,
20180329,BO-HO-BKS010400,Phòng Giám sát Tuân th? T? xa,,
20180329,BO-HO-CL000000,Kh?i Chi?n lu?c,,
20180329,BO-HO-HRBPHO,Phòng Ð?i tác Nhân s? H?i s?,,
20180329,BO-HO-KCN110000,Phòng Qu?n lý Bán hàng và Phân tích Kinh doanh,,
20180329,BO-HO-KCN180000,Trung tâm Khách hàng Cao c?p Mi?n B?c,,
20180329,BO-HO-KDN090000,Phòng S?n ph?m Tín d?ng,,
20180329,BO-HO-NNL000000,Kh?i Qu?n tr? Ngu?n nhân l?c,,
20180329,HPG050100,B? ph?n Hành chính Qu?n tr?,,
20180329,LSLevel4Code,Level4VN,,
20180329,BO-HO-PC090000,Phòng X? lý n? mi?n Nam,,
20180329,CNT12000,Phòng H? tr? ?ng d?ng,,
20180329,CT0050100,B? ph?n Hành chính Qu?n tr?,,
20180329,FO-CN-AGG040000,Phòng Khách hàng Doanh nghi?p,,
20180329,FO-CN-BCT030000,Phòng Khách hàng Cá nhân,,
20180329,FO-CN-BDI030000,Phòng Khách hàng Cá nhân,,
20180329,FO-CN-BNH03,Phòng Khách hàng Cá nhân,,
20180329,FO-CN-CTG030000,Phòng Khách hàng Cá nhân,,
20180329,FO-CN-DAN03,Phòng Khách hàng Cá nhân,,
20180329,FO-CN-DDO030000,Phòng Khách hàng Cá nhân,,
20180329,FO-CN-DNG040000,Phòng Khách hàng Doanh nghi?p,,
20180329,FO-CN-DOT020000,Phòng D?ch v? Khách hàng,,
20180329,FO-CN-HBT020000,Phòng D?ch v? Khách hàng,,
20180329,FO-CN-HGM020000,Phòng D?ch v? Khách hàng,,
20180329,FO-CN-HMI020000,Phòng D?ch v? Khách hàng,,
20180329,FO-CN-HNI020000,Phòng D?ch v? Khách hàng,,
20180329,TCH050100,Phòng K? toán T?ng h?p và CSKT,,
20180329,VHH170100,Phòng Phát hành,,
